{
  "model_name": "EURUSD_forex_xgb",
  "feature_names": [
    "hour",
    "weekday",
    "session",
    "is_london_open",
    "is_ny_open",
    "mins_since_session_open",
    "body_pct",
    "body_ratio",
    "upper_wick",
    "lower_wick",
    "candle_dir",
    "range_expansion",
    "momentum_persistence",
    "atr",
    "atr_percentile",
    "hh",
    "hl",
    "lh",
    "ll",
    "bos",
    "trend",
    "choch",
    "dist_to_last_sh",
    "dist_to_last_sl",
    "eq_high",
    "eq_low",
    "dist_prev_50_high",
    "dist_prev_50_low",
    "dist_prev_day_high",
    "dist_prev_day_low",
    "bull_sweep",
    "bear_sweep",
    "sweep_strength",
    "asia_high_dist",
    "asia_low_dist",
    "london_high_dist",
    "london_low_dist",
    "ny_high_dist",
    "ny_low_dist",
    "fvg_bull",
    "fvg_bear",
    "fvg_size",
    "ob_size",
    "entry_in_discount",
    "impulse",
    "htf_trend",
    "direction"
  ],
  "threshold": 0.4862329065799713,
  "cv_auc_mean": 0.6624607241138053,
  "cv_auc_std": 0.05785197051366185,
  "test_auc": 0.7413967704094724,
  "test_brier": 0.22427265346050262,
  "n_train": 6306,
  "n_test": 1971,
  "feature_importance": {
    "ny_high_dist": 0.13416440784931183,
    "hour": 0.07350114732980728,
    "bos": 0.06777068972587585,
    "trend": 0.05219186842441559,
    "dist_prev_day_low": 0.0467073991894722,
    "ny_low_dist": 0.041622769087553024,
    "is_ny_open": 0.04134548082947731,
    "session": 0.039941057562828064,
    "dist_to_last_sh": 0.03901265561580658,
    "direction": 0.03577221557497978,
    "london_low_dist": 0.03189075365662575,
    "dist_to_last_sl": 0.026426460593938828,
    "htf_trend": 0.026122745126485825,
    "asia_low_dist": 0.025931773707270622,
    "asia_high_dist": 0.023951996117830276,
    "dist_prev_day_high": 0.023597316816449165,
    "atr": 0.023204956203699112,
    "dist_prev_50_high": 0.02214391902089119,
    "weekday": 0.021882623434066772,
    "london_high_dist": 0.021839288994669914,
    "atr_percentile": 0.02047053724527359,
    "mins_since_session_open": 0.020368702709674835,
    "body_ratio": 0.02014382928609848,
    "fvg_size": 0.016138393431901932,
    "upper_wick": 0.014171765185892582,
    "momentum_persistence": 0.01362974289804697,
    "sweep_strength": 0.012947636656463146,
    "dist_prev_50_low": 0.012038227170705795,
    "body_pct": 0.011697879992425442,
    "lower_wick": 0.011255340650677681,
    "candle_dir": 0.011129206046462059,
    "range_expansion": 0.00876012071967125,
    "hl": 0.008227148093283176,
    "is_london_open": 0.0,
    "eq_high": 0.0,
    "ll": 0.0,
    "lh": 0.0,
    "hh": 0.0,
    "choch": 0.0,
    "bull_sweep": 0.0,
    "eq_low": 0.0,
    "bear_sweep": 0.0,
    "fvg_bull": 0.0,
    "ob_size": 0.0,
    "fvg_bear": 0.0,
    "impulse": 0.0,
    "entry_in_discount": 0.0
  },
  "prob_buckets": [
    [
      "0-10%",
      0.0,
      0
    ],
    [
      "10-20%",
      0.0,
      0
    ],
    [
      "20-30%",
      0.0,
      22
    ],
    [
      "30-40%",
      0.13452914798206278,
      223
    ],
    [
      "40-50%",
      0.2295973884657236,
      919
    ],
    [
      "50-60%",
      0.49421965317919075,
      692
    ],
    [
      "60-70%",
      0.7678571428571429,
      112
    ],
    [
      "70-80%",
      1.0,
      3
    ],
    [
      "80-90%",
      0.0,
      0
    ],
    [
      "90-100%",
      0.0,
      0
    ]
  ]
}