{
  "model_name": "EURUSD_forex_xgb",
  "feature_names": [
    "hour",
    "weekday",
    "session",
    "is_london_open",
    "is_ny_open",
    "mins_since_session_open",
    "body_pct",
    "body_ratio",
    "upper_wick",
    "lower_wick",
    "candle_dir",
    "range_expansion",
    "atr",
    "hh",
    "hl",
    "lh",
    "ll",
    "bos",
    "trend",
    "choch",
    "dist_to_last_sh",
    "dist_to_last_sl",
    "eq_high",
    "eq_low",
    "dist_prev_50_high",
    "dist_prev_50_low",
    "dist_prev_day_high",
    "dist_prev_day_low",
    "bull_sweep",
    "bear_sweep",
    "sweep_strength",
    "asia_high_dist",
    "asia_low_dist",
    "london_high_dist",
    "london_low_dist",
    "ny_high_dist",
    "ny_low_dist",
    "fvg_bull",
    "fvg_bear",
    "fvg_size",
    "ob_size",
    "entry_in_discount",
    "impulse",
    "htf_trend",
    "direction"
  ],
  "threshold": 0.4876326620578766,
  "cv_auc_mean": 0.7966269841269841,
  "cv_auc_std": 0.17164934710714133,
  "test_auc": 1.0,
  "test_brier": 0.21150735020637512,
  "n_train": 67,
  "n_test": 17,
  "feature_importance": {
    "body_ratio": 0.07255923748016357,
    "london_high_dist": 0.06397786736488342,
    "impulse": 0.05823729559779167,
    "mins_since_session_open": 0.05722057446837425,
    "body_pct": 0.056134629994630814,
    "asia_high_dist": 0.054877590388059616,
    "lower_wick": 0.05002095177769661,
    "dist_prev_50_low": 0.04957040399312973,
    "eq_high": 0.04124061390757561,
    "upper_wick": 0.04000808298587799,
    "sweep_strength": 0.03963097557425499,
    "atr": 0.039213087409734726,
    "dist_prev_50_high": 0.03843662887811661,
    "dist_prev_day_low": 0.036343298852443695,
    "fvg_size": 0.03562215715646744,
    "ny_low_dist": 0.035141199827194214,
    "range_expansion": 0.032775770872831345,
    "candle_dir": 0.030707810074090958,
    "asia_low_dist": 0.025834472849965096,
    "london_low_dist": 0.024804437533020973,
    "ny_high_dist": 0.024249831214547157,
    "eq_low": 0.02199675887823105,
    "dist_to_last_sl": 0.02193739078938961,
    "entry_in_discount": 0.014906556345522404,
    "dist_prev_day_high": 0.011013603769242764,
    "hour": 0.009574872441589832,
    "weekday": 0.008724326267838478,
    "trend": 0.005239594262093306,
    "is_ny_open": 0.0,
    "is_london_open": 0.0,
    "session": 0.0,
    "lh": 0.0,
    "hl": 0.0,
    "ll": 0.0,
    "bos": 0.0,
    "choch": 0.0,
    "dist_to_last_sh": 0.0,
    "bull_sweep": 0.0,
    "hh": 0.0,
    "bear_sweep": 0.0,
    "fvg_bull": 0.0,
    "ob_size": 0.0,
    "fvg_bear": 0.0,
    "htf_trend": 0.0,
    "direction": 0.0
  },
  "prob_buckets": [
    [
      "0-10%",
      0.0,
      0
    ],
    [
      "10-20%",
      0.0,
      0
    ],
    [
      "20-30%",
      0.0,
      0
    ],
    [
      "30-40%",
      0.0,
      0
    ],
    [
      "40-50%",
      0.36363636363636365,
      11
    ],
    [
      "50-60%",
      1.0,
      6
    ],
    [
      "60-70%",
      0.0,
      0
    ],
    [
      "70-80%",
      0.0,
      0
    ],
    [
      "80-90%",
      0.0,
      0
    ],
    [
      "90-100%",
      0.0,
      0
    ]
  ]
}