{
  "model_name": "EURUSD_forex_xgb",
  "feature_names": [
    "hour",
    "weekday",
    "session",
    "is_london_open",
    "is_ny_open",
    "mins_since_session_open",
    "body_pct",
    "body_ratio",
    "upper_wick",
    "lower_wick",
    "candle_dir",
    "range_expansion",
    "atr",
    "hh",
    "hl",
    "lh",
    "ll",
    "bos",
    "trend",
    "choch",
    "dist_to_last_sh",
    "dist_to_last_sl",
    "eq_high",
    "eq_low",
    "dist_prev_50_high",
    "dist_prev_50_low",
    "dist_prev_day_high",
    "dist_prev_day_low",
    "bull_sweep",
    "bear_sweep",
    "sweep_strength",
    "asia_high_dist",
    "asia_low_dist",
    "london_high_dist",
    "london_low_dist",
    "ny_high_dist",
    "ny_low_dist",
    "fvg_bull",
    "fvg_bear",
    "fvg_size",
    "ob_size",
    "entry_in_discount",
    "impulse",
    "htf_trend",
    "direction"
  ],
  "threshold": 0.4881272315979004,
  "cv_auc_mean": 0.6543544973544974,
  "cv_auc_std": 0.1574401474109982,
  "test_auc": 0.7121212121212122,
  "test_brier": 0.243979349732399,
  "n_train": 91,
  "n_test": 23,
  "feature_importance": {
    "session": 0.08699438720941544,
    "body_ratio": 0.06106245145201683,
    "asia_high_dist": 0.04596628621220589,
    "bos": 0.045747265219688416,
    "hour": 0.04482245072722435,
    "fvg_bull": 0.043769121170043945,
    "ny_high_dist": 0.04227440804243088,
    "atr": 0.04167607054114342,
    "fvg_size": 0.04045414552092552,
    "hh": 0.039395276457071304,
    "body_pct": 0.037085436284542084,
    "sweep_strength": 0.03627452254295349,
    "impulse": 0.03626176714897156,
    "dist_to_last_sh": 0.03433294966816902,
    "dist_prev_50_high": 0.03407461941242218,
    "ny_low_dist": 0.033019036054611206,
    "mins_since_session_open": 0.028717894107103348,
    "london_high_dist": 0.0287015363574028,
    "upper_wick": 0.027926087379455566,
    "dist_prev_day_low": 0.0267697311937809,
    "range_expansion": 0.026587946340441704,
    "dist_prev_day_high": 0.026127895340323448,
    "london_low_dist": 0.025319593027234077,
    "dist_prev_50_low": 0.019081193953752518,
    "dist_to_last_sl": 0.019026359543204308,
    "lower_wick": 0.016596289351582527,
    "asia_low_dist": 0.016457991674542427,
    "htf_trend": 0.015012926422059536,
    "eq_low": 0.00988556258380413,
    "candle_dir": 0.007958873175084591,
    "weekday": 0.002619923558086157,
    "is_london_open": 0.0,
    "is_ny_open": 0.0,
    "ll": 0.0,
    "lh": 0.0,
    "choch": 0.0,
    "hl": 0.0,
    "bull_sweep": 0.0,
    "eq_high": 0.0,
    "trend": 0.0,
    "bear_sweep": 0.0,
    "ob_size": 0.0,
    "fvg_bear": 0.0,
    "entry_in_discount": 0.0,
    "direction": 0.0
  },
  "prob_buckets": [
    [
      "0-10%",
      0.0,
      0
    ],
    [
      "10-20%",
      0.0,
      0
    ],
    [
      "20-30%",
      0.0,
      0
    ],
    [
      "30-40%",
      0.0,
      0
    ],
    [
      "40-50%",
      0.3,
      10
    ],
    [
      "50-60%",
      0.6923076923076923,
      13
    ],
    [
      "60-70%",
      0.0,
      0
    ],
    [
      "70-80%",
      0.0,
      0
    ],
    [
      "80-90%",
      0.0,
      0
    ],
    [
      "90-100%",
      0.0,
      0
    ]
  ]
}