{
  "model_name": "GBPUSD_forex_xgb",
  "feature_names": [
    "hour",
    "weekday",
    "session",
    "is_london_open",
    "is_ny_open",
    "mins_since_session_open",
    "body_pct",
    "body_ratio",
    "upper_wick",
    "lower_wick",
    "candle_dir",
    "range_expansion",
    "momentum_persistence",
    "atr",
    "atr_percentile",
    "hh",
    "hl",
    "lh",
    "ll",
    "bos",
    "trend",
    "choch",
    "dist_to_last_sh",
    "dist_to_last_sl",
    "eq_high",
    "eq_low",
    "dist_prev_50_high",
    "dist_prev_50_low",
    "dist_prev_day_high",
    "dist_prev_day_low",
    "bull_sweep",
    "bear_sweep",
    "sweep_strength",
    "asia_high_dist",
    "asia_low_dist",
    "london_high_dist",
    "london_low_dist",
    "ny_high_dist",
    "ny_low_dist",
    "fvg_bull",
    "fvg_bear",
    "fvg_size",
    "ob_size",
    "entry_in_discount",
    "impulse",
    "htf_trend",
    "direction"
  ],
  "threshold": 0.49292653799057007,
  "cv_auc_mean": 0.775417770933713,
  "cv_auc_std": 0.037773619884480726,
  "test_auc": 0.8101722116564593,
  "test_brier": 0.1782272458076477,
  "n_train": 128909,
  "n_test": 40285,
  "feature_importance": {
    "hour": 0.12014871835708618,
    "bos": 0.09418133646249771,
    "session": 0.07866933196783066,
    "atr_percentile": 0.07150794565677643,
    "mins_since_session_open": 0.06357421725988388,
    "is_ny_open": 0.061941660940647125,
    "direction": 0.05713701620697975,
    "ny_low_dist": 0.041896335780620575,
    "dist_to_last_sl": 0.04159434884786606,
    "ny_high_dist": 0.041048187762498856,
    "dist_to_last_sh": 0.03764624148607254,
    "london_low_dist": 0.035561453551054,
    "asia_high_dist": 0.03210130333900452,
    "london_high_dist": 0.030537297949194908,
    "entry_in_discount": 0.02083759754896164,
    "bull_sweep": 0.019032219424843788,
    "asia_low_dist": 0.018194662407040596,
    "ll": 0.014782031066715717,
    "dist_prev_50_low": 0.01106598973274231,
    "trend": 0.009624043479561806,
    "hl": 0.009364637546241283,
    "momentum_persistence": 0.008012699894607067,
    "upper_wick": 0.007389461155980825,
    "htf_trend": 0.007126516196876764,
    "dist_prev_50_high": 0.006886861752718687,
    "eq_low": 0.006880984641611576,
    "lower_wick": 0.005283951293677092,
    "weekday": 0.004586924333125353,
    "dist_prev_day_high": 0.004538659006357193,
    "dist_prev_day_low": 0.00428090849891305,
    "body_pct": 0.00399956526234746,
    "fvg_size": 0.003808957990258932,
    "atr": 0.0034808667842298746,
    "range_expansion": 0.0034683928824961185,
    "lh": 0.003315105801448226,
    "sweep_strength": 0.0031748616602271795,
    "bear_sweep": 0.003108939388766885,
    "candle_dir": 0.0029435730539262295,
    "body_ratio": 0.0029097057413309813,
    "fvg_bull": 0.0024696073960512877,
    "is_london_open": 0.0018868379993364215,
    "hh": 0.0,
    "choch": 0.0,
    "eq_high": 0.0,
    "fvg_bear": 0.0,
    "ob_size": 0.0,
    "impulse": 0.0
  },
  "prob_buckets": [
    [
      "0-10%",
      0.0037831021437578815,
      1586
    ],
    [
      "10-20%",
      0.023989569752281618,
      3835
    ],
    [
      "20-30%",
      0.07633262260127932,
      4690
    ],
    [
      "30-40%",
      0.21042532779021425,
      6254
    ],
    [
      "40-50%",
      0.30306979438169707,
      6906
    ],
    [
      "50-60%",
      0.37612643837515597,
      7213
    ],
    [
      "60-70%",
      0.497452934662237,
      4515
    ],
    [
      "70-80%",
      0.7407253022092538,
      2399
    ],
    [
      "80-90%",
      0.8983931947069943,
      2116
    ],
    [
      "90-100%",
      0.9974059662775616,
      771
    ]
  ]
}