{
  "model_name": "GBPUSD_forex_xgb",
  "feature_names": [
    "hour",
    "weekday",
    "session",
    "is_london_open",
    "is_ny_open",
    "mins_since_session_open",
    "body_pct",
    "body_ratio",
    "upper_wick",
    "lower_wick",
    "candle_dir",
    "range_expansion",
    "atr",
    "hh",
    "hl",
    "lh",
    "ll",
    "bos",
    "trend",
    "choch",
    "dist_to_last_sh",
    "dist_to_last_sl",
    "eq_high",
    "eq_low",
    "dist_prev_50_high",
    "dist_prev_50_low",
    "dist_prev_day_high",
    "dist_prev_day_low",
    "bull_sweep",
    "bear_sweep",
    "sweep_strength",
    "asia_high_dist",
    "asia_low_dist",
    "london_high_dist",
    "london_low_dist",
    "ny_high_dist",
    "ny_low_dist",
    "fvg_bull",
    "fvg_bear",
    "fvg_size",
    "ob_size",
    "entry_in_discount",
    "impulse",
    "htf_trend",
    "direction"
  ],
  "threshold": 0.5000934600830078,
  "cv_auc_mean": 0.6992063492063492,
  "cv_auc_std": 0.22788145419944206,
  "test_auc": 0.75,
  "test_brier": 0.2445271909236908,
  "n_train": 55,
  "n_test": 14,
  "feature_importance": {
    "fvg_bear": 0.06973320990800858,
    "range_expansion": 0.056851647794246674,
    "weekday": 0.05226079374551773,
    "dist_to_last_sl": 0.05037325993180275,
    "eq_low": 0.05007419362664223,
    "dist_prev_day_high": 0.04884742945432663,
    "ny_high_dist": 0.04555819556117058,
    "dist_to_last_sh": 0.04291469603776932,
    "asia_low_dist": 0.04183892905712128,
    "atr": 0.03879134729504585,
    "hour": 0.03872887045145035,
    "mins_since_session_open": 0.038177523761987686,
    "body_ratio": 0.035288095474243164,
    "london_high_dist": 0.03452271223068237,
    "htf_trend": 0.033757053315639496,
    "session": 0.032795585691928864,
    "dist_prev_day_low": 0.03258361294865608,
    "is_ny_open": 0.031721971929073334,
    "bos": 0.029946371912956238,
    "asia_high_dist": 0.029275884851813316,
    "london_low_dist": 0.026124900206923485,
    "ny_low_dist": 0.02304891310632229,
    "upper_wick": 0.020952481776475906,
    "bear_sweep": 0.020228682085871696,
    "fvg_size": 0.019247030839323997,
    "candle_dir": 0.014965459704399109,
    "dist_prev_50_high": 0.013606421649456024,
    "lower_wick": 0.011194330640137196,
    "body_pct": 0.009981038980185986,
    "fvg_bull": 0.006609381176531315,
    "is_london_open": 0.0,
    "bull_sweep": 0.0,
    "hl": 0.0,
    "ll": 0.0,
    "lh": 0.0,
    "trend": 0.0,
    "choch": 0.0,
    "hh": 0.0,
    "dist_prev_50_low": 0.0,
    "eq_high": 0.0,
    "sweep_strength": 0.0,
    "ob_size": 0.0,
    "entry_in_discount": 0.0,
    "impulse": 0.0,
    "direction": 0.0
  },
  "prob_buckets": [
    [
      "0-10%",
      0.0,
      0
    ],
    [
      "10-20%",
      0.0,
      0
    ],
    [
      "20-30%",
      0.0,
      0
    ],
    [
      "30-40%",
      0.0,
      0
    ],
    [
      "40-50%",
      0.3333333333333333,
      6
    ],
    [
      "50-60%",
      0.75,
      8
    ],
    [
      "60-70%",
      0.0,
      0
    ],
    [
      "70-80%",
      0.0,
      0
    ],
    [
      "80-90%",
      0.0,
      0
    ],
    [
      "90-100%",
      0.0,
      0
    ]
  ]
}