{
  "model_name": "GBPUSD_forex_xgb",
  "feature_names": [
    "hour",
    "weekday",
    "session",
    "is_london_open",
    "is_ny_open",
    "mins_since_session_open",
    "body_pct",
    "body_ratio",
    "upper_wick",
    "lower_wick",
    "candle_dir",
    "range_expansion",
    "atr",
    "hh",
    "hl",
    "lh",
    "ll",
    "bos",
    "trend",
    "choch",
    "dist_to_last_sh",
    "dist_to_last_sl",
    "eq_high",
    "eq_low",
    "dist_prev_50_high",
    "dist_prev_50_low",
    "dist_prev_day_high",
    "dist_prev_day_low",
    "bull_sweep",
    "bear_sweep",
    "sweep_strength",
    "asia_high_dist",
    "asia_low_dist",
    "london_high_dist",
    "london_low_dist",
    "ny_high_dist",
    "ny_low_dist",
    "fvg_bull",
    "fvg_bear",
    "fvg_size",
    "ob_size",
    "entry_in_discount",
    "impulse",
    "htf_trend",
    "direction"
  ],
  "threshold": 0.4670661985874176,
  "cv_auc_mean": 0.5868867243867244,
  "cv_auc_std": 0.09270683469115587,
  "test_auc": 0.5208333333333333,
  "test_brier": 0.2598656415939331,
  "n_train": 141,
  "n_test": 36,
  "feature_importance": {
    "entry_in_discount": 0.053032346069812775,
    "eq_low": 0.04997797682881355,
    "dist_to_last_sl": 0.04209151118993759,
    "dist_to_last_sh": 0.041646815836429596,
    "is_ny_open": 0.040318120270967484,
    "trend": 0.03972325846552849,
    "htf_trend": 0.03884979709982872,
    "direction": 0.03720960021018982,
    "ny_high_dist": 0.036152977496385574,
    "ny_low_dist": 0.03499859943985939,
    "asia_high_dist": 0.03380898758769035,
    "body_ratio": 0.03348072990775108,
    "body_pct": 0.0321798138320446,
    "upper_wick": 0.030821237713098526,
    "weekday": 0.0303660798817873,
    "dist_prev_50_high": 0.0301864854991436,
    "dist_prev_day_low": 0.02947629988193512,
    "atr": 0.029080964624881744,
    "dist_prev_day_high": 0.02895793318748474,
    "london_high_dist": 0.02886691689491272,
    "dist_prev_50_low": 0.028240038082003593,
    "lower_wick": 0.026604115962982178,
    "asia_low_dist": 0.025972871109843254,
    "london_low_dist": 0.025765441358089447,
    "bos": 0.025413362309336662,
    "range_expansion": 0.024212416261434555,
    "fvg_size": 0.024049153551459312,
    "mins_since_session_open": 0.02261817827820778,
    "sweep_strength": 0.02099836990237236,
    "hour": 0.020103422924876213,
    "eq_high": 0.013117555528879166,
    "fvg_bull": 0.012962359003722668,
    "session": 0.008716288022696972,
    "candle_dir": 0.0,
    "is_london_open": 0.0,
    "ll": 0.0,
    "choch": 0.0,
    "bull_sweep": 0.0,
    "lh": 0.0,
    "hl": 0.0,
    "hh": 0.0,
    "bear_sweep": 0.0,
    "fvg_bear": 0.0,
    "ob_size": 0.0,
    "impulse": 0.0
  },
  "prob_buckets": [
    [
      "0-10%",
      0.0,
      0
    ],
    [
      "10-20%",
      0.0,
      0
    ],
    [
      "20-30%",
      0.75,
      4
    ],
    [
      "30-40%",
      0.16666666666666666,
      6
    ],
    [
      "40-50%",
      0.14285714285714285,
      14
    ],
    [
      "50-60%",
      0.6666666666666666,
      9
    ],
    [
      "60-70%",
      0.0,
      2
    ],
    [
      "70-80%",
      0.0,
      1
    ],
    [
      "80-90%",
      0.0,
      0
    ],
    [
      "90-100%",
      0.0,
      0
    ]
  ]
}