{
  "model_name": "USDJPY_forex_xgb",
  "feature_names": [
    "hour",
    "weekday",
    "session",
    "is_london_open",
    "is_ny_open",
    "mins_since_session_open",
    "body_pct",
    "body_ratio",
    "upper_wick",
    "lower_wick",
    "candle_dir",
    "range_expansion",
    "momentum_persistence",
    "atr",
    "atr_percentile",
    "hh",
    "hl",
    "lh",
    "ll",
    "bos",
    "trend",
    "choch",
    "dist_to_last_sh",
    "dist_to_last_sl",
    "eq_high",
    "eq_low",
    "dist_prev_50_high",
    "dist_prev_50_low",
    "dist_prev_day_high",
    "dist_prev_day_low",
    "bull_sweep",
    "bear_sweep",
    "sweep_strength",
    "asia_high_dist",
    "asia_low_dist",
    "london_high_dist",
    "london_low_dist",
    "ny_high_dist",
    "ny_low_dist",
    "fvg_bull",
    "fvg_bear",
    "fvg_size",
    "ob_size",
    "entry_in_discount",
    "impulse",
    "htf_trend",
    "direction"
  ],
  "threshold": 0.46121734380722046,
  "cv_auc_mean": 0.747636584997366,
  "cv_auc_std": 0.023033520599626527,
  "test_auc": 0.7654142355201292,
  "test_brier": 0.19711457192897797,
  "n_train": 21316,
  "n_test": 6662,
  "feature_importance": {
    "is_london_open": 0.08152733743190765,
    "ny_high_dist": 0.0772646889090538,
    "bos": 0.07615140825510025,
    "hour": 0.07338803261518478,
    "direction": 0.06857643276453018,
    "session": 0.06191621348261833,
    "is_ny_open": 0.059838034212589264,
    "mins_since_session_open": 0.05080042779445648,
    "entry_in_discount": 0.04931056872010231,
    "ny_low_dist": 0.036653757095336914,
    "london_low_dist": 0.03361905738711357,
    "dist_to_last_sh": 0.030380789190530777,
    "dist_to_last_sl": 0.022352930158376694,
    "london_high_dist": 0.019880834966897964,
    "dist_prev_50_low": 0.018574675545096397,
    "asia_low_dist": 0.018321339040994644,
    "atr_percentile": 0.018169794231653214,
    "asia_high_dist": 0.016162673011422157,
    "weekday": 0.01578672230243683,
    "dist_prev_50_high": 0.013975529931485653,
    "trend": 0.013183687813580036,
    "atr": 0.012059654109179974,
    "htf_trend": 0.011766326613724232,
    "dist_prev_day_low": 0.010084757581353188,
    "dist_prev_day_high": 0.010050598531961441,
    "lh": 0.009058445692062378,
    "bull_sweep": 0.008937564678490162,
    "hh": 0.00847100280225277,
    "fvg_size": 0.008244549855589867,
    "body_pct": 0.0076989177614450455,
    "range_expansion": 0.007589192129671574,
    "upper_wick": 0.007541277911514044,
    "body_ratio": 0.007309744134545326,
    "momentum_persistence": 0.006944240070879459,
    "eq_low": 0.006285505834966898,
    "lower_wick": 0.005929271690547466,
    "sweep_strength": 0.005808742716908455,
    "impulse": 0.005537219345569611,
    "eq_high": 0.004848010838031769,
    "candle_dir": 0.0,
    "ll": 0.0,
    "choch": 0.0,
    "hl": 0.0,
    "bear_sweep": 0.0,
    "ob_size": 0.0,
    "fvg_bull": 0.0,
    "fvg_bear": 0.0
  },
  "prob_buckets": [
    [
      "0-10%",
      0.0,
      1
    ],
    [
      "10-20%",
      0.02231237322515213,
      493
    ],
    [
      "20-30%",
      0.10076045627376426,
      1052
    ],
    [
      "30-40%",
      0.24785510009532888,
      1049
    ],
    [
      "40-50%",
      0.28305235137533274,
      1127
    ],
    [
      "50-60%",
      0.34982935153583616,
      1172
    ],
    [
      "60-70%",
      0.4688427299703264,
      1011
    ],
    [
      "70-80%",
      0.7746031746031746,
      630
    ],
    [
      "80-90%",
      0.968503937007874,
      127
    ],
    [
      "90-100%",
      0.0,
      0
    ]
  ]
}