{
  "model_name": "USDJPY_forex_xgb",
  "feature_names": [
    "hour",
    "weekday",
    "session",
    "is_london_open",
    "is_ny_open",
    "mins_since_session_open",
    "body_pct",
    "body_ratio",
    "upper_wick",
    "lower_wick",
    "candle_dir",
    "range_expansion",
    "atr",
    "hh",
    "hl",
    "lh",
    "ll",
    "bos",
    "trend",
    "choch",
    "dist_to_last_sh",
    "dist_to_last_sl",
    "eq_high",
    "eq_low",
    "dist_prev_50_high",
    "dist_prev_50_low",
    "dist_prev_day_high",
    "dist_prev_day_low",
    "bull_sweep",
    "bear_sweep",
    "sweep_strength",
    "asia_high_dist",
    "asia_low_dist",
    "london_high_dist",
    "london_low_dist",
    "ny_high_dist",
    "ny_low_dist",
    "fvg_bull",
    "fvg_bear",
    "fvg_size",
    "ob_size",
    "entry_in_discount",
    "impulse",
    "htf_trend",
    "direction"
  ],
  "threshold": 0.5014706254005432,
  "cv_auc_mean": 0.6375,
  "cv_auc_std": 0.20151337148906248,
  "test_auc": 0.8500000000000001,
  "test_brier": 0.23030748963356018,
  "n_train": 48,
  "n_test": 13,
  "feature_importance": {
    "dist_prev_day_high": 0.08103807270526886,
    "impulse": 0.06980478763580322,
    "london_high_dist": 0.06371906399726868,
    "asia_high_dist": 0.058640435338020325,
    "range_expansion": 0.05668899044394493,
    "dist_prev_50_high": 0.05655793845653534,
    "atr": 0.053567416965961456,
    "london_low_dist": 0.04995319992303848,
    "dist_to_last_sh": 0.04754621163010597,
    "direction": 0.044444214552640915,
    "eq_high": 0.04278342425823212,
    "dist_prev_day_low": 0.0416228249669075,
    "mins_since_session_open": 0.04079491272568703,
    "dist_prev_50_low": 0.04020652174949646,
    "ny_high_dist": 0.03893674910068512,
    "lower_wick": 0.026865413412451744,
    "dist_to_last_sl": 0.02617817372083664,
    "body_ratio": 0.024075813591480255,
    "body_pct": 0.02347857691347599,
    "hour": 0.02121085487306118,
    "htf_trend": 0.019763605669140816,
    "ny_low_dist": 0.01889469288289547,
    "fvg_size": 0.017021380364894867,
    "upper_wick": 0.015001700259745121,
    "asia_low_dist": 0.01194792054593563,
    "trend": 0.0061500780284404755,
    "bos": 0.0031070364639163017,
    "weekday": 0.0,
    "is_ny_open": 0.0,
    "candle_dir": 0.0,
    "session": 0.0,
    "is_london_open": 0.0,
    "hl": 0.0,
    "ll": 0.0,
    "lh": 0.0,
    "choch": 0.0,
    "hh": 0.0,
    "bull_sweep": 0.0,
    "eq_low": 0.0,
    "sweep_strength": 0.0,
    "bear_sweep": 0.0,
    "ob_size": 0.0,
    "fvg_bear": 0.0,
    "fvg_bull": 0.0,
    "entry_in_discount": 0.0
  },
  "prob_buckets": [
    [
      "0-10%",
      0.0,
      0
    ],
    [
      "10-20%",
      0.0,
      0
    ],
    [
      "20-30%",
      0.0,
      0
    ],
    [
      "30-40%",
      0.0,
      0
    ],
    [
      "40-50%",
      0.2857142857142857,
      7
    ],
    [
      "50-60%",
      1.0,
      6
    ],
    [
      "60-70%",
      0.0,
      0
    ],
    [
      "70-80%",
      0.0,
      0
    ],
    [
      "80-90%",
      0.0,
      0
    ],
    [
      "90-100%",
      0.0,
      0
    ]
  ]
}