{
  "model_name": "XAUUSD_forex_xgb",
  "feature_names": [
    "hour",
    "weekday",
    "session",
    "is_london_open",
    "is_ny_open",
    "mins_since_session_open",
    "body_pct",
    "body_ratio",
    "upper_wick",
    "lower_wick",
    "candle_dir",
    "range_expansion",
    "atr",
    "hh",
    "hl",
    "lh",
    "ll",
    "bos",
    "trend",
    "choch",
    "dist_to_last_sh",
    "dist_to_last_sl",
    "eq_high",
    "eq_low",
    "dist_prev_50_high",
    "dist_prev_50_low",
    "dist_prev_day_high",
    "dist_prev_day_low",
    "bull_sweep",
    "bear_sweep",
    "sweep_strength",
    "asia_high_dist",
    "asia_low_dist",
    "london_high_dist",
    "london_low_dist",
    "ny_high_dist",
    "ny_low_dist",
    "fvg_bull",
    "fvg_bear",
    "fvg_size",
    "ob_size",
    "entry_in_discount",
    "impulse",
    "htf_trend",
    "direction"
  ],
  "threshold": 0.48099178075790405,
  "cv_auc_mean": 0.8257142857142856,
  "cv_auc_std": 0.16864405215284237,
  "test_auc": 0.5,
  "test_brier": 0.2546229660511017,
  "n_train": 55,
  "n_test": 14,
  "feature_importance": {
    "london_low_dist": 0.10378886759281158,
    "candle_dir": 0.07604841142892838,
    "asia_low_dist": 0.07353681325912476,
    "atr": 0.07084165513515472,
    "bos": 0.06476975977420807,
    "dist_to_last_sl": 0.06030822545289993,
    "dist_to_last_sh": 0.052156269550323486,
    "mins_since_session_open": 0.04370421543717384,
    "hour": 0.04193582385778427,
    "lower_wick": 0.04077114909887314,
    "dist_prev_day_low": 0.03994441404938698,
    "ny_high_dist": 0.03893953189253807,
    "session": 0.0371762253344059,
    "fvg_size": 0.03328760340809822,
    "dist_prev_50_high": 0.028685923665761948,
    "dist_prev_day_high": 0.02745475433766842,
    "range_expansion": 0.026448022574186325,
    "ny_low_dist": 0.024903615936636925,
    "body_ratio": 0.02420222945511341,
    "dist_prev_50_low": 0.021867787465453148,
    "upper_wick": 0.01568041928112507,
    "eq_low": 0.014706830494105816,
    "london_high_dist": 0.013569660484790802,
    "asia_high_dist": 0.012691663578152657,
    "body_pct": 0.011270236223936081,
    "weekday": 0.0013098999625071883,
    "is_ny_open": 0.0,
    "is_london_open": 0.0,
    "choch": 0.0,
    "bull_sweep": 0.0,
    "eq_high": 0.0,
    "hh": 0.0,
    "hl": 0.0,
    "ll": 0.0,
    "lh": 0.0,
    "trend": 0.0,
    "bear_sweep": 0.0,
    "sweep_strength": 0.0,
    "fvg_bull": 0.0,
    "fvg_bear": 0.0,
    "ob_size": 0.0,
    "entry_in_discount": 0.0,
    "impulse": 0.0,
    "htf_trend": 0.0,
    "direction": 0.0
  },
  "prob_buckets": [
    [
      "0-10%",
      0.0,
      0
    ],
    [
      "10-20%",
      0.0,
      0
    ],
    [
      "20-30%",
      0.0,
      0
    ],
    [
      "30-40%",
      0.0,
      0
    ],
    [
      "40-50%",
      0.4,
      10
    ],
    [
      "50-60%",
      0.0,
      4
    ],
    [
      "60-70%",
      0.0,
      0
    ],
    [
      "70-80%",
      0.0,
      0
    ],
    [
      "80-90%",
      0.0,
      0
    ],
    [
      "90-100%",
      0.0,
      0
    ]
  ]
}