{
  "model_name": "XAUUSD_forex_xgb",
  "feature_names": [
    "hour",
    "weekday",
    "session",
    "is_london_open",
    "is_ny_open",
    "mins_since_session_open",
    "body_pct",
    "body_ratio",
    "upper_wick",
    "lower_wick",
    "candle_dir",
    "range_expansion",
    "momentum_persistence",
    "atr",
    "atr_percentile",
    "hh",
    "hl",
    "lh",
    "ll",
    "bos",
    "trend",
    "choch",
    "dist_to_last_sh",
    "dist_to_last_sl",
    "eq_high",
    "eq_low",
    "dist_prev_50_high",
    "dist_prev_50_low",
    "dist_prev_day_high",
    "dist_prev_day_low",
    "bull_sweep",
    "bear_sweep",
    "sweep_strength",
    "asia_high_dist",
    "asia_low_dist",
    "london_high_dist",
    "london_low_dist",
    "ny_high_dist",
    "ny_low_dist",
    "fvg_bull",
    "fvg_bear",
    "fvg_size",
    "ob_size",
    "entry_in_discount",
    "impulse",
    "htf_trend",
    "direction"
  ],
  "threshold": 0.47271162271499634,
  "cv_auc_mean": 0.7896866900769157,
  "cv_auc_std": 0.030373529649922456,
  "test_auc": 0.8202457272163408,
  "test_brier": 0.17499293386936188,
  "n_train": 132518,
  "n_test": 41412,
  "feature_importance": {
    "hour": 0.11137357354164124,
    "session": 0.08405047655105591,
    "bos": 0.07041597366333008,
    "direction": 0.06509368121623993,
    "mins_since_session_open": 0.05592254921793938,
    "ny_high_dist": 0.0507819838821888,
    "ny_low_dist": 0.03834063932299614,
    "is_london_open": 0.03719460219144821,
    "bull_sweep": 0.03706426918506622,
    "london_low_dist": 0.03648695349693298,
    "atr_percentile": 0.03430985286831856,
    "is_ny_open": 0.034172650426626205,
    "dist_to_last_sl": 0.033499184995889664,
    "london_high_dist": 0.03292100504040718,
    "asia_high_dist": 0.03246019780635834,
    "dist_to_last_sh": 0.030902577564120293,
    "entry_in_discount": 0.029600033536553383,
    "asia_low_dist": 0.021685825660824776,
    "trend": 0.021006010472774506,
    "dist_prev_50_high": 0.02051309496164322,
    "bear_sweep": 0.020117001608014107,
    "dist_prev_50_low": 0.016874507069587708,
    "htf_trend": 0.010513952933251858,
    "sweep_strength": 0.007979626767337322,
    "upper_wick": 0.007146256510168314,
    "atr": 0.00707325991243124,
    "lower_wick": 0.006373319774866104,
    "weekday": 0.00575596559792757,
    "momentum_persistence": 0.005475920159369707,
    "dist_prev_day_low": 0.004764605779200792,
    "dist_prev_day_high": 0.0045555755496025085,
    "range_expansion": 0.0036820450332015753,
    "fvg_size": 0.003472774289548397,
    "hl": 0.003448351053521037,
    "lh": 0.0029034239705652,
    "eq_low": 0.002889110939577222,
    "ll": 0.0027023465372622013,
    "body_ratio": 0.002382672857493162,
    "body_pct": 0.002308622235432267,
    "eq_high": 0.0017855498008430004,
    "candle_dir": 0.0,
    "hh": 0.0,
    "choch": 0.0,
    "ob_size": 0.0,
    "fvg_bear": 0.0,
    "fvg_bull": 0.0,
    "impulse": 0.0
  },
  "prob_buckets": [
    [
      "0-10%",
      0.0012738853503184713,
      1570
    ],
    [
      "10-20%",
      0.025879230258792303,
      4521
    ],
    [
      "20-30%",
      0.08895078922934076,
      5385
    ],
    [
      "30-40%",
      0.20096525096525097,
      5180
    ],
    [
      "40-50%",
      0.3151958542905045,
      6561
    ],
    [
      "50-60%",
      0.38634333120612635,
      7835
    ],
    [
      "60-70%",
      0.5080091533180778,
      3496
    ],
    [
      "70-80%",
      0.6676036542515812,
      2846
    ],
    [
      "80-90%",
      0.8593392214589467,
      3057
    ],
    [
      "90-100%",
      0.9906347554630593,
      961
    ]
  ]
}